{
    "items": [
    
        {
            "id": "svc_1",
            "name": "FTP",
            "type": "other",
            "host": "127.0.0.1",
            "port": 21,
            "check": "tcp",
            "path": "/",
            "timeout_ms": 800,
            "enabled": true
        },
        {
            "id": "svc_2",
            "name": "SSH",
            "type": "other",
            "host": "127.0.0.1",
            "port": 22,
            "check": "tcp",
            "path": "/",
            "timeout_ms": 800,
            "enabled": true
        },
        {
            "id": "svc_3",
            "name": "SMTP",
            "type": "other",
            "host": "127.0.0.1",
            "port": 25,
            "check": "tcp",
            "path": "/",
            "timeout_ms": 800,
            "enabled": true
        },
        {
            "id": "svc_4",
            "name": "DNS",
            "type": "other",
            "host": "127.0.0.1",
            "port": 53,
            "check": "tcp",
            "path": "/",
            "timeout_ms": 800,
            "enabled": true
        },
        {
            "id": "svc_5",
            "name": "Domain Name",
            "type": "app",
            "host": "www.domain.com",
            "port": 80,
            "check": "http",
            "path": "/",
            "timeout_ms": 800,
            "enabled": true
        },
        {
            "id": "svc_6",
            "name": "POP",
            "type": "other",
            "host": "127.0.0.1",
            "port": 110,
            "check": "tcp",
            "path": "/",
            "timeout_ms": 800,
            "enabled": true
        },
        {
            "id": "svc_7",
            "name": "IMAP",
            "type": "other",
            "host": "127.0.0.1",
            "port": 143,
            "check": "tcp",
            "path": "/",
            "timeout_ms": 800,
            "enabled": true
        },
        {
            "id": "svc_8",
            "name": "HTTPS",
            "type": "other",
            "host": "www.domain.com",
            "port": 443,
            "check": "http",
            "path": "/",
            "timeout_ms": 800,
            "enabled": true
        },
        {
            "id": "svc_9",
            "name": "STARTTLS",
            "type": "other",
            "host": "127.0.0.1",
            "port": 587,
            "check": "tcp",
            "path": "/",
            "timeout_ms": 800,
            "enabled": true
        },
        {
            "id": "svc_10",
            "name": "Spamassassin",
            "type": "other",
            "host": "127.0.0.1",
            "port": 783,
            "check": "tcp",
            "path": "/",
            "timeout_ms": 800,
            "enabled": true
        },
        {
            "id": "svc_11",
            "name": "IMAPS",
            "type": "other",
            "host": "127.0.0.1",
            "port": 993,
            "check": "tcp",
            "path": "/",
            "timeout_ms": 800,
            "enabled": true
        },
        {
            "id": "svc_12",
            "name": "POPS",
            "type": "other",
            "host": "127.0.0.1",
            "port": 995,
            "check": "tcp",
            "path": "/",
            "timeout_ms": 800,
            "enabled": true
        },
        {
            "id": "svc_13",
            "name": "MySQL",
            "type": "db",
            "host": "127.0.0.1",
            "port": 3306,
            "check": "tcp",
            "path": "/",
            "timeout_ms": 800,
            "enabled": true
        },
        {
            "id": "svc_14",
            "name": "ClamAV",
            "type": "other",
            "host": "127.0.0.1",
            "port": 3310,
            "check": "tcp",
            "path": "/",
            "timeout_ms": 800,
            "enabled": true
        },
        {
            "id": "svc_15",
            "name": "Redis",
            "type": "cache",
            "host": "127.0.0.1",
            "port": 6379,
            "check": "tcp",
            "path": "/",
            "timeout_ms": 800,
            "enabled": true
        },
        {
            "id": "svc_16",
            "name": "Control Panel",
            "type": "other",
            "host": "127.0.0.1",
            "port": 8083,
            "check": "tcp",
            "path": "/",
            "timeout_ms": 800,
            "enabled": true
        }
    ]
}
